<metadata xml:lang="en"><Esri><CreaDate>20220507</CreaDate><CreaTime>00140400</CreaTime><ArcGISFormat>1.0</ArcGISFormat><SyncOnce>FALSE</SyncOnce><DataProperties><lineage><Process ToolSource="c:\program files\arcgis\server\ArcToolbox\Toolboxes\Data Management Tools.tbx\Append" Date="20220507" Time="001404">Append D:\SPGExtract\Output\SPG_17000_20220506_224645\Hydrography\NHD\State\NHD_H_Alabama_State_GPKG.gpkg\main.WBDHU12 D:\SPGExtract\Output\SPG_17000_20220506_224645\Hydrography\NHD\State\NHD_H_Alabama_State_GDB.gdb\WBD\WBDHU12 NO_TEST "tnmid "TNMID" true true false 40 Text 0 0 ,First,#,D:\SPGExtract\Output\SPG_17000_20220506_224645\Hydrography\NHD\State\NHD_H_Alabama_State_GDB.gdb\WBD\WBDHU12,tnmid,-1,-1,D:\SPGExtract\Output\SPG_17000_20220506_224645\Hydrography\NHD\State\NHD_H_Alabama_State_GDB.gdb\WBD\WBDHU12,tnmid,-1,-1;metasourceid "MetaSourceID" true true false 40 Text 0 0 ,First,#,D:\SPGExtract\Output\SPG_17000_20220506_224645\Hydrography\NHD\State\NHD_H_Alabama_State_GDB.gdb\WBD\WBDHU12,metasourceid,-1,-1,D:\SPGExtract\Output\SPG_17000_20220506_224645\Hydrography\NHD\State\NHD_H_Alabama_State_GDB.gdb\WBD\WBDHU12,metasourceid,-1,-1;sourcedatadesc "SourceDataDesc" true true false 100 Text 0 0 ,First,#,D:\SPGExtract\Output\SPG_17000_20220506_224645\Hydrography\NHD\State\NHD_H_Alabama_State_GDB.gdb\WBD\WBDHU12,sourcedatadesc,-1,-1,D:\SPGExtract\Output\SPG_17000_20220506_224645\Hydrography\NHD\State\NHD_H_Alabama_State_GDB.gdb\WBD\WBDHU12,sourcedatadesc,-1,-1;sourceoriginator "SourceOriginator" true true false 130 Text 0 0 ,First,#,D:\SPGExtract\Output\SPG_17000_20220506_224645\Hydrography\NHD\State\NHD_H_Alabama_State_GDB.gdb\WBD\WBDHU12,sourceoriginator,-1,-1,D:\SPGExtract\Output\SPG_17000_20220506_224645\Hydrography\NHD\State\NHD_H_Alabama_State_GDB.gdb\WBD\WBDHU12,sourceoriginator,-1,-1;sourcefeatureid "SourceFeatureID" true true false 40 Text 0 0 ,First,#,D:\SPGExtract\Output\SPG_17000_20220506_224645\Hydrography\NHD\State\NHD_H_Alabama_State_GDB.gdb\WBD\WBDHU12,sourcefeatureid,-1,-1,D:\SPGExtract\Output\SPG_17000_20220506_224645\Hydrography\NHD\State\NHD_H_Alabama_State_GDB.gdb\WBD\WBDHU12,sourcefeatureid,-1,-1;loaddate "LoadDate" true true false 8 Date 0 0 ,First,#,D:\SPGExtract\Output\SPG_17000_20220506_224645\Hydrography\NHD\State\NHD_H_Alabama_State_GDB.gdb\WBD\WBDHU12,loaddate,-1,-1,D:\SPGExtract\Output\SPG_17000_20220506_224645\Hydrography\NHD\State\NHD_H_Alabama_State_GDB.gdb\WBD\WBDHU12,loaddate,-1,-1;referencegnis_ids "ReferenceGNIS_IDs" true true false 50 Text 0 0 ,First,#,D:\SPGExtract\Output\SPG_17000_20220506_224645\Hydrography\NHD\State\NHD_H_Alabama_State_GDB.gdb\WBD\WBDHU12,referencegnis_ids,-1,-1,D:\SPGExtract\Output\SPG_17000_20220506_224645\Hydrography\NHD\State\NHD_H_Alabama_State_GDB.gdb\WBD\WBDHU12,referencegnis_ids,-1,-1;areaacres "AreaAcres" true true false 8 Double 0 0 ,First,#,D:\SPGExtract\Output\SPG_17000_20220506_224645\Hydrography\NHD\State\NHD_H_Alabama_State_GDB.gdb\WBD\WBDHU12,areaacres,-1,-1,D:\SPGExtract\Output\SPG_17000_20220506_224645\Hydrography\NHD\State\NHD_H_Alabama_State_GDB.gdb\WBD\WBDHU12,areaacres,-1,-1;areasqkm "AreaSqKm" true true false 8 Double 0 0 ,First,#,D:\SPGExtract\Output\SPG_17000_20220506_224645\Hydrography\NHD\State\NHD_H_Alabama_State_GDB.gdb\WBD\WBDHU12,areasqkm,-1,-1,D:\SPGExtract\Output\SPG_17000_20220506_224645\Hydrography\NHD\State\NHD_H_Alabama_State_GDB.gdb\WBD\WBDHU12,areasqkm,-1,-1;states "States" true true false 50 Text 0 0 ,First,#,D:\SPGExtract\Output\SPG_17000_20220506_224645\Hydrography\NHD\State\NHD_H_Alabama_State_GDB.gdb\WBD\WBDHU12,states,-1,-1,D:\SPGExtract\Output\SPG_17000_20220506_224645\Hydrography\NHD\State\NHD_H_Alabama_State_GDB.gdb\WBD\WBDHU12,states,-1,-1;huc12 "HUC12" true true false 12 Text 0 0 ,First,#,D:\SPGExtract\Output\SPG_17000_20220506_224645\Hydrography\NHD\State\NHD_H_Alabama_State_GDB.gdb\WBD\WBDHU12,huc12,-1,-1,D:\SPGExtract\Output\SPG_17000_20220506_224645\Hydrography\NHD\State\NHD_H_Alabama_State_GDB.gdb\WBD\WBDHU12,huc12,-1,-1;name "Name" true true false 120 Text 0 0 ,First,#,D:\SPGExtract\Output\SPG_17000_20220506_224645\Hydrography\NHD\State\NHD_H_Alabama_State_GDB.gdb\WBD\WBDHU12,name,-1,-1,D:\SPGExtract\Output\SPG_17000_20220506_224645\Hydrography\NHD\State\NHD_H_Alabama_State_GDB.gdb\WBD\WBDHU12,name,-1,-1;hutype "HUType" true true false 1 Text 0 0 ,First,#,D:\SPGExtract\Output\SPG_17000_20220506_224645\Hydrography\NHD\State\NHD_H_Alabama_State_GDB.gdb\WBD\WBDHU12,hutype,-1,-1,D:\SPGExtract\Output\SPG_17000_20220506_224645\Hydrography\NHD\State\NHD_H_Alabama_State_GDB.gdb\WBD\WBDHU12,hutype,-1,-1;humod "HUMod" true true false 30 Text 0 0 ,First,#,D:\SPGExtract\Output\SPG_17000_20220506_224645\Hydrography\NHD\State\NHD_H_Alabama_State_GDB.gdb\WBD\WBDHU12,humod,-1,-1,D:\SPGExtract\Output\SPG_17000_20220506_224645\Hydrography\NHD\State\NHD_H_Alabama_State_GDB.gdb\WBD\WBDHU12,humod,-1,-1;tohuc "ToHUC" true true false 16 Text 0 0 ,First,#,D:\SPGExtract\Output\SPG_17000_20220506_224645\Hydrography\NHD\State\NHD_H_Alabama_State_GDB.gdb\WBD\WBDHU12,tohuc,-1,-1,D:\SPGExtract\Output\SPG_17000_20220506_224645\Hydrography\NHD\State\NHD_H_Alabama_State_GDB.gdb\WBD\WBDHU12,tohuc,-1,-1;noncontributingareaacres "NonContributingAreaAcres" true true false 8 Double 0 0 ,First,#,D:\SPGExtract\Output\SPG_17000_20220506_224645\Hydrography\NHD\State\NHD_H_Alabama_State_GDB.gdb\WBD\WBDHU12,noncontributingareaacres,-1,-1,D:\SPGExtract\Output\SPG_17000_20220506_224645\Hydrography\NHD\State\NHD_H_Alabama_State_GDB.gdb\WBD\WBDHU12,noncontributingareaacres,-1,-1;noncontributingareasqkm "NonContributingAreaSqKm" true true false 8 Double 0 0 ,First,#,D:\SPGExtract\Output\SPG_17000_20220506_224645\Hydrography\NHD\State\NHD_H_Alabama_State_GDB.gdb\WBD\WBDHU12,noncontributingareasqkm,-1,-1,D:\SPGExtract\Output\SPG_17000_20220506_224645\Hydrography\NHD\State\NHD_H_Alabama_State_GDB.gdb\WBD\WBDHU12,noncontributingareasqkm,-1,-1;shape_Length "shape_Length" false true true 8 Double 0 0 ,First,#,D:\SPGExtract\Output\SPG_17000_20220506_224645\Hydrography\NHD\State\NHD_H_Alabama_State_GDB.gdb\WBD\WBDHU12,shape_Length,-1,-1,D:\SPGExtract\Output\SPG_17000_20220506_224645\Hydrography\NHD\State\NHD_H_Alabama_State_GDB.gdb\WBD\WBDHU12,shape_Length,-1,-1;shape_Area "shape_Area" false true true 8 Double 0 0 ,First,#,D:\SPGExtract\Output\SPG_17000_20220506_224645\Hydrography\NHD\State\NHD_H_Alabama_State_GDB.gdb\WBD\WBDHU12,shape_Area,-1,-1,D:\SPGExtract\Output\SPG_17000_20220506_224645\Hydrography\NHD\State\NHD_H_Alabama_State_GDB.gdb\WBD\WBDHU12,shape_Area,-1,-1" #</Process><Process ToolSource="c:\program files\arcgis\pro\Resources\ArcToolbox\toolboxes\Conversion Tools.tbx\ExportFeatures" Date="20231123" Time="143123">ExportFeatures WBDHU12 D:\Auburn\Research\GIS\data_int\Testing\BushyCreek_DyasCreek\BushyCreek_DyasCreek_Extent.shp # NOT_USE_ALIAS "tnmid "TNMID" true true false 40 Text 0 0,First,#,WBDHU12,tnmid,0,39;metasourceid "MetaSourceID" true true false 40 Text 0 0,First,#,WBDHU12,metasourceid,0,39;sourcedatadesc "SourceDataDesc" true true false 100 Text 0 0,First,#,WBDHU12,sourcedatadesc,0,99;sourceoriginator "SourceOriginator" true true false 130 Text 0 0,First,#,WBDHU12,sourceoriginator,0,129;sourcefeatureid "SourceFeatureID" true true false 40 Text 0 0,First,#,WBDHU12,sourcefeatureid,0,39;loaddate "LoadDate" true true false 8 Date 0 0,First,#,WBDHU12,loaddate,-1,-1;referencegnis_ids "ReferenceGNIS_IDs" true true false 50 Text 0 0,First,#,WBDHU12,referencegnis_ids,0,49;areaacres "AreaAcres" true true false 8 Double 0 0,First,#,WBDHU12,areaacres,-1,-1;areasqkm "AreaSqKm" true true false 8 Double 0 0,First,#,WBDHU12,areasqkm,-1,-1;states "States" true true false 50 Text 0 0,First,#,WBDHU12,states,0,49;huc12 "HUC12" true true false 12 Text 0 0,First,#,WBDHU12,huc12,0,11;name "Name" true true false 120 Text 0 0,First,#,WBDHU12,name,0,119;hutype "HUType" true true false 1 Text 0 0,First,#,WBDHU12,hutype,0,0;humod "HUMod" true true false 30 Text 0 0,First,#,WBDHU12,humod,0,29;tohuc "ToHUC" true true false 16 Text 0 0,First,#,WBDHU12,tohuc,0,15;noncontributingareaacres "NonContributingAreaAcres" true true false 8 Double 0 0,First,#,WBDHU12,noncontributingareaacres,-1,-1;noncontributingareasqkm "NonContributingAreaSqKm" true true false 8 Double 0 0,First,#,WBDHU12,noncontributingareasqkm,-1,-1;shape_Length "shape_Length" false true true 8 Double 0 0,First,#,WBDHU12,shape_Length,-1,-1;shape_Area "shape_Area" false true true 8 Double 0 0,First,#,WBDHU12,shape_Area,-1,-1" #</Process></lineage><itemProps><itemName Sync="TRUE">BushyCreek_DyasCreek_Extent</itemName><imsContentType Sync="TRUE">002</imsContentType><itemSize Sync="TRUE">0.000</itemSize><itemLocation><linkage Sync="TRUE">file://\\FW-26YCXP3\D$\Auburn\Research\GIS\data_int\Testing\BushyCreek_DyasCreek\BushyCreek_DyasCreek_Extent.shp</linkage><protocol Sync="TRUE">Local Area Network</protocol></itemLocation></itemProps><coordRef><type Sync="TRUE">Geographic</type><geogcsn Sync="TRUE">GCS_North_American_1983</geogcsn><csUnits Sync="TRUE">Angular Unit: Degree (0.017453)</csUnits><peXml Sync="TRUE">&lt;GeographicCoordinateSystem xsi:type='typens:GeographicCoordinateSystem' xmlns:xsi='http://www.w3.org/2001/XMLSchema-instance' xmlns:xs='http://www.w3.org/2001/XMLSchema' xmlns:typens='http://www.esri.com/schemas/ArcGIS/3.2.0'&gt;&lt;WKT&gt;GEOGCS[&amp;quot;GCS_North_American_1983&amp;quot;,DATUM[&amp;quot;D_North_American_1983&amp;quot;,SPHEROID[&amp;quot;GRS_1980&amp;quot;,6378137.0,298.257222101]],PRIMEM[&amp;quot;Greenwich&amp;quot;,0.0],UNIT[&amp;quot;Degree&amp;quot;,0.0174532925199433],AUTHORITY[&amp;quot;EPSG&amp;quot;,4269]]&lt;/WKT&gt;&lt;XOrigin&gt;-400&lt;/XOrigin&gt;&lt;YOrigin&gt;-400&lt;/YOrigin&gt;&lt;XYScale&gt;11258999068426.238&lt;/XYScale&gt;&lt;ZOrigin&gt;-100000&lt;/ZOrigin&gt;&lt;ZScale&gt;10000&lt;/ZScale&gt;&lt;MOrigin&gt;-100000&lt;/MOrigin&gt;&lt;MScale&gt;10000&lt;/MScale&gt;&lt;XYTolerance&gt;8.983152841195215e-09&lt;/XYTolerance&gt;&lt;ZTolerance&gt;0.001&lt;/ZTolerance&gt;&lt;MTolerance&gt;0.001&lt;/MTolerance&gt;&lt;HighPrecision&gt;true&lt;/HighPrecision&gt;&lt;LeftLongitude&gt;-180&lt;/LeftLongitude&gt;&lt;WKID&gt;4269&lt;/WKID&gt;&lt;LatestWKID&gt;4269&lt;/LatestWKID&gt;&lt;/GeographicCoordinateSystem&gt;</peXml></coordRef></DataProperties><SyncDate>20231123</SyncDate><SyncTime>14312300</SyncTime><ModDate>20231123</ModDate><ModTime>14312300</ModTime></Esri><dataIdInfo><envirDesc Sync="TRUE">Microsoft Windows 10 Version 10.0 (Build 22621) ; Esri ArcGIS 13.2.0.49743</envirDesc><dataLang><languageCode value="eng" Sync="TRUE"></languageCode><countryCode value="USA" Sync="TRUE"></countryCode></dataLang><idCitation><resTitle Sync="TRUE">BushyCreek_DyasCreek_Extent</resTitle><presForm><PresFormCd value="005" Sync="TRUE"></PresFormCd></presForm></idCitation><spatRpType><SpatRepTypCd value="001" Sync="TRUE"></SpatRepTypCd></spatRpType></dataIdInfo><mdLang><languageCode value="eng" Sync="TRUE"></languageCode><countryCode value="USA" Sync="TRUE"></countryCode></mdLang><distInfo><distFormat><formatName Sync="TRUE">Shapefile</formatName></distFormat><distTranOps><transSize Sync="TRUE">0.000</transSize></distTranOps></distInfo><mdHrLv><ScopeCd value="005" Sync="TRUE"></ScopeCd></mdHrLv><mdHrLvName Sync="TRUE">dataset</mdHrLvName><refSysInfo><RefSystem><refSysID><identCode code="4269" Sync="TRUE"></identCode><idCodeSpace Sync="TRUE">EPSG</idCodeSpace><idVersion Sync="TRUE">6.5(3.0.1)</idVersion></refSysID></RefSystem></refSysInfo><spatRepInfo><VectSpatRep><geometObjs Name="BushyCreek_DyasCreek_Extent"><geoObjTyp><GeoObjTypCd value="002" Sync="TRUE"></GeoObjTypCd></geoObjTyp><geoObjCnt Sync="TRUE">0</geoObjCnt></geometObjs><topLvl><TopoLevCd value="001" Sync="TRUE"></TopoLevCd></topLvl></VectSpatRep></spatRepInfo><spdoinfo><ptvctinf><esriterm Name="BushyCreek_DyasCreek_Extent"><efeatyp Sync="TRUE">Simple</efeatyp><efeageom code="4" Sync="TRUE"></efeageom><esritopo Sync="TRUE">FALSE</esritopo><efeacnt Sync="TRUE">0</efeacnt><spindex Sync="TRUE">FALSE</spindex><linrefer Sync="TRUE">FALSE</linrefer></esriterm></ptvctinf></spdoinfo><eainfo><detailed Name="BushyCreek_DyasCreek_Extent"><enttyp><enttypl Sync="TRUE">BushyCreek_DyasCreek_Extent</enttypl><enttypt Sync="TRUE">Feature Class</enttypt><enttypc Sync="TRUE">0</enttypc></enttyp><attr><attrlabl Sync="TRUE">FID</attrlabl><attalias Sync="TRUE">FID</attalias><attrtype Sync="TRUE">OID</attrtype><attwidth Sync="TRUE">4</attwidth><atprecis Sync="TRUE">0</atprecis><attscale Sync="TRUE">0</attscale><attrdef Sync="TRUE">Internal feature number.</attrdef><attrdefs Sync="TRUE">Esri</attrdefs><attrdomv><udom Sync="TRUE">Sequential unique whole numbers that are automatically generated.</udom></attrdomv></attr><attr><attrlabl Sync="TRUE">Shape</attrlabl><attalias Sync="TRUE">Shape</attalias><attrtype Sync="TRUE">Geometry</attrtype><attwidth Sync="TRUE">0</attwidth><atprecis Sync="TRUE">0</atprecis><attscale Sync="TRUE">0</attscale><attrdef Sync="TRUE">Feature geometry.</attrdef><attrdefs Sync="TRUE">Esri</attrdefs><attrdomv><udom Sync="TRUE">Coordinates defining the features.</udom></attrdomv></attr><attr><attrlabl Sync="TRUE">tnmid</attrlabl><attalias Sync="TRUE">tnmid</attalias><attrtype Sync="TRUE">String</attrtype><attwidth Sync="TRUE">40</attwidth><atprecis Sync="TRUE">0</atprecis><attscale Sync="TRUE">0</attscale></attr><attr><attrlabl Sync="TRUE">metasource</attrlabl><attalias Sync="TRUE">metasource</attalias><attrtype Sync="TRUE">String</attrtype><attwidth Sync="TRUE">40</attwidth><atprecis Sync="TRUE">0</atprecis><attscale Sync="TRUE">0</attscale></attr><attr><attrlabl Sync="TRUE">sourcedata</attrlabl><attalias Sync="TRUE">sourcedata</attalias><attrtype Sync="TRUE">String</attrtype><attwidth Sync="TRUE">100</attwidth><atprecis Sync="TRUE">0</atprecis><attscale Sync="TRUE">0</attscale></attr><attr><attrlabl Sync="TRUE">sourceorig</attrlabl><attalias Sync="TRUE">sourceorig</attalias><attrtype Sync="TRUE">String</attrtype><attwidth Sync="TRUE">130</attwidth><atprecis Sync="TRUE">0</atprecis><attscale Sync="TRUE">0</attscale></attr><attr><attrlabl Sync="TRUE">sourcefeat</attrlabl><attalias Sync="TRUE">sourcefeat</attalias><attrtype Sync="TRUE">String</attrtype><attwidth Sync="TRUE">40</attwidth><atprecis Sync="TRUE">0</atprecis><attscale Sync="TRUE">0</attscale></attr><attr><attrlabl Sync="TRUE">loaddate</attrlabl><attalias Sync="TRUE">loaddate</attalias><attrtype Sync="TRUE">Date</attrtype><attwidth Sync="TRUE">8</attwidth><atprecis Sync="TRUE">0</atprecis><attscale Sync="TRUE">0</attscale></attr><attr><attrlabl Sync="TRUE">referenceg</attrlabl><attalias Sync="TRUE">referenceg</attalias><attrtype Sync="TRUE">String</attrtype><attwidth Sync="TRUE">50</attwidth><atprecis Sync="TRUE">0</atprecis><attscale Sync="TRUE">0</attscale></attr><attr><attrlabl Sync="TRUE">areaacres</attrlabl><attalias Sync="TRUE">areaacres</attalias><attrtype Sync="TRUE">Double</attrtype><attwidth Sync="TRUE">19</attwidth><atprecis Sync="TRUE">0</atprecis><attscale Sync="TRUE">0</attscale></attr><attr><attrlabl Sync="TRUE">areasqkm</attrlabl><attalias Sync="TRUE">areasqkm</attalias><attrtype Sync="TRUE">Double</attrtype><attwidth Sync="TRUE">19</attwidth><atprecis Sync="TRUE">0</atprecis><attscale Sync="TRUE">0</attscale></attr><attr><attrlabl Sync="TRUE">states</attrlabl><attalias Sync="TRUE">states</attalias><attrtype Sync="TRUE">String</attrtype><attwidth Sync="TRUE">50</attwidth><atprecis Sync="TRUE">0</atprecis><attscale Sync="TRUE">0</attscale></attr><attr><attrlabl Sync="TRUE">huc12</attrlabl><attalias Sync="TRUE">huc12</attalias><attrtype Sync="TRUE">String</attrtype><attwidth Sync="TRUE">12</attwidth><atprecis Sync="TRUE">0</atprecis><attscale Sync="TRUE">0</attscale></attr><attr><attrlabl Sync="TRUE">name</attrlabl><attalias Sync="TRUE">name</attalias><attrtype Sync="TRUE">String</attrtype><attwidth Sync="TRUE">120</attwidth><atprecis Sync="TRUE">0</atprecis><attscale Sync="TRUE">0</attscale></attr><attr><attrlabl Sync="TRUE">hutype</attrlabl><attalias Sync="TRUE">hutype</attalias><attrtype Sync="TRUE">String</attrtype><attwidth Sync="TRUE">1</attwidth><atprecis Sync="TRUE">0</atprecis><attscale Sync="TRUE">0</attscale></attr><attr><attrlabl Sync="TRUE">humod</attrlabl><attalias Sync="TRUE">humod</attalias><attrtype Sync="TRUE">String</attrtype><attwidth Sync="TRUE">30</attwidth><atprecis Sync="TRUE">0</atprecis><attscale Sync="TRUE">0</attscale></attr><attr><attrlabl Sync="TRUE">tohuc</attrlabl><attalias Sync="TRUE">tohuc</attalias><attrtype Sync="TRUE">String</attrtype><attwidth Sync="TRUE">16</attwidth><atprecis Sync="TRUE">0</atprecis><attscale Sync="TRUE">0</attscale></attr><attr><attrlabl Sync="TRUE">noncontrib</attrlabl><attalias Sync="TRUE">noncontrib</attalias><attrtype Sync="TRUE">Double</attrtype><attwidth Sync="TRUE">19</attwidth><atprecis Sync="TRUE">0</atprecis><attscale Sync="TRUE">0</attscale></attr><attr><attrlabl Sync="TRUE">noncontr_1</attrlabl><attalias Sync="TRUE">noncontr_1</attalias><attrtype Sync="TRUE">Double</attrtype><attwidth Sync="TRUE">19</attwidth><atprecis Sync="TRUE">0</atprecis><attscale Sync="TRUE">0</attscale></attr><attr><attrlabl Sync="TRUE">shape_Leng</attrlabl><attalias Sync="TRUE">shape_Leng</attalias><attrtype Sync="TRUE">Double</attrtype><attwidth Sync="TRUE">19</attwidth><atprecis Sync="TRUE">0</atprecis><attscale Sync="TRUE">0</attscale></attr><attr><attrlabl Sync="TRUE">shape_Area</attrlabl><attalias Sync="TRUE">shape_Area</attalias><attrtype Sync="TRUE">Double</attrtype><attwidth Sync="TRUE">19</attwidth><atprecis Sync="TRUE">0</atprecis><attscale Sync="TRUE">0</attscale><attrdef Sync="TRUE">Area of feature in internal units squared.</attrdef><attrdefs Sync="TRUE">Esri</attrdefs><attrdomv><udom Sync="TRUE">Positive real numbers that are automatically generated.</udom></attrdomv></attr></detailed></eainfo><mdDateSt Sync="TRUE">20231123</mdDateSt></metadata>
